{"cameraMode":{"drawMode":0,"name":"Shaded","section":"Shading Mode"},"sceneLighting":true,"audioPlay":false,"sceneViewState":{"showFog":true,"showMaterialUpdate":false,"showSkybox":true,"showFlares":true,"showImageEffects":true,"showParticleSystems":true},"in2DMode":false,"pivot":{"x":-5.739999771118164,"y":1.9099998474121094,"z":-53.41535949707031},"rotation":{"x":-0.19075308740139008,"y":-0.3298013508319855,"z":0.06822872161865235,"w":-0.922057032585144},"size":2.933530807495117,"orthographic":false}