{"cameraMode":{"drawMode":0,"name":"Shaded","section":"Shading Mode"},"sceneLighting":false,"audioPlay":false,"sceneViewState":{"showFog":true,"showMaterialUpdate":false,"showSkybox":true,"showFlares":true,"showImageEffects":true,"showParticleSystems":true},"in2DMode":false,"pivot":{"x":5.960464477539063e-8,"y":1.0000001192092896,"z":-53.5},"rotation":{"x":0.013741261325776577,"y":0.4008559286594391,"z":0.0060133058577775959,"w":-0.9160183668136597},"size":2.8578922748565676,"orthographic":false}