{"cameraMode":{"drawMode":0,"name":"Shaded","section":"Shading Mode"},"sceneLighting":false,"audioPlay":false,"sceneViewState":{"showFog":true,"showMaterialUpdate":false,"showSkybox":true,"showFlares":true,"showImageEffects":true,"showParticleSystems":true},"in2DMode":false,"pivot":{"x":5.960464477539063e-8,"y":1.0000001192092896,"z":-53.5},"rotation":{"x":0.15613748133182527,"y":0.24751007556915284,"z":0.040451183915138248,"w":-0.9553656578063965},"size":1.8308887481689454,"orthographic":false}