{"cameraMode":{"drawMode":0,"name":"Shaded","section":"Shading Mode"},"sceneLighting":false,"audioPlay":false,"sceneViewState":{"showFog":true,"showMaterialUpdate":false,"showSkybox":true,"showFlares":true,"showImageEffects":true,"showParticleSystems":true},"in2DMode":false,"pivot":{"x":-5.739999771118164,"y":1.909999966621399,"z":-53.41535949707031},"rotation":{"x":-0.007494244258850813,"y":0.03898881748318672,"z":0.0002924916916526854,"w":0.9992115497589111},"size":2.7765750885009767,"orthographic":true}