{"cameraMode":{"drawMode":0,"name":"Shaded","section":"Shading Mode"},"sceneLighting":false,"audioPlay":false,"sceneViewState":{"showFog":true,"showMaterialUpdate":false,"showSkybox":true,"showFlares":true,"showImageEffects":true,"showParticleSystems":true},"in2DMode":false,"pivot":{"x":-0.004499997943639755,"y":1.4299999475479127,"z":0.3442000150680542},"rotation":{"x":0.23685914278030396,"y":0.504169762134552,"z":-0.14606855809688569,"w":0.8175418376922607},"size":1.6501191854476929,"orthographic":false}