{"cameraMode":{"drawMode":0,"name":"Shaded","section":"Shading Mode"},"sceneLighting":false,"audioPlay":false,"sceneViewState":{"showFog":true,"showMaterialUpdate":false,"showSkybox":true,"showFlares":true,"showImageEffects":true,"showParticleSystems":true},"in2DMode":false,"pivot":{"x":5.960464477539063e-8,"y":1.0000001192092896,"z":-53.5},"rotation":{"x":0.1956522911787033,"y":0.2780589163303375,"z":0.057959333062171939,"w":-0.9386395215988159},"size":2.8578922748565676,"orthographic":false}