{"cameraMode":{"drawMode":0,"name":"Shaded","section":"Shading Mode"},"sceneLighting":false,"audioPlay":false,"sceneViewState":{"showFog":true,"showMaterialUpdate":false,"showSkybox":true,"showFlares":true,"showImageEffects":true,"showParticleSystems":true},"in2DMode":false,"pivot":{"x":5.960464477539063e-8,"y":1.0000001192092896,"z":-53.5},"rotation":{"x":0.09165599942207337,"y":0.29130545258522036,"z":0.028051624074578286,"w":-0.9518158435821533},"size":2.8578922748565676,"orthographic":false}