{"cameraMode":{"drawMode":0,"name":"Shaded","section":"Shading Mode"},"sceneLighting":false,"audioPlay":false,"sceneViewState":{"showFog":true,"showMaterialUpdate":false,"showSkybox":true,"showFlares":true,"showImageEffects":true,"showParticleSystems":true},"in2DMode":false,"pivot":{"x":0.5271408557891846,"y":0.22000622749328614,"z":-1.6208243370056153},"rotation":{"x":0.1505260467529297,"y":-0.5106620788574219,"z":0.09135153144598007,"w":0.8415587544441223},"size":4.286826133728027,"orthographic":false}