{"cameraMode":{"drawMode":0,"name":"Shaded","section":"Shading Mode"},"sceneLighting":false,"audioPlay":false,"sceneViewState":{"showFog":true,"showMaterialUpdate":false,"showSkybox":true,"showFlares":true,"showImageEffects":true,"showParticleSystems":true},"in2DMode":false,"pivot":{"x":-0.06219965219497681,"y":1.83963942527771,"z":-58.823787689208987},"rotation":{"x":0.1319299340248108,"y":-0.24270209670066834,"z":0.033336155116558078,"w":0.960509717464447},"size":0.6737450361251831,"orthographic":false}