{"cameraMode":{"drawMode":0,"name":"Shaded","section":"Shading Mode"},"sceneLighting":false,"audioPlay":false,"sceneViewState":{"showFog":true,"showMaterialUpdate":false,"showSkybox":true,"showFlares":true,"showImageEffects":true,"showParticleSystems":true},"in2DMode":false,"pivot":{"x":0.0,"y":-0.24999994039535523,"z":1.1920928955078126e-7},"rotation":{"x":0.3879423439502716,"y":-1.9415061558447634e-8,"z":-1.7512631345084629e-8,"w":0.9216837286949158},"size":6.786619663238525,"orthographic":false}