{"cameraMode":{"drawMode":0,"name":"Shaded","section":"Shading Mode"},"sceneLighting":false,"audioPlay":false,"sceneViewState":{"showFog":true,"showMaterialUpdate":false,"showSkybox":true,"showFlares":true,"showImageEffects":true,"showParticleSystems":true},"in2DMode":false,"pivot":{"x":-1.4000000953674317,"y":-0.6583417057991028,"z":1.1050002574920655},"rotation":{"x":0.23011137545108796,"y":-0.04960622265934944,"z":0.011745876632630825,"w":0.9718282222747803},"size":22.0,"orthographic":false}