{"cameraMode":{"drawMode":0,"name":"Shaded","section":"Shading Mode"},"sceneLighting":false,"audioPlay":false,"sceneViewState":{"showFog":true,"showMaterialUpdate":false,"showSkybox":true,"showFlares":true,"showImageEffects":true,"showParticleSystems":true},"in2DMode":false,"pivot":{"x":0.11108341813087464,"y":0.7374475002288818,"z":0.0835428237915039},"rotation":{"x":0.07765636593103409,"y":0.08215579390525818,"z":0.006420880556106567,"w":-0.9935686588287354},"size":2.2492828369140627,"orthographic":false}