{"cameraMode":{"drawMode":0,"name":"Shaded","section":"Shading Mode"},"sceneLighting":false,"audioPlay":false,"sceneViewState":{"showFog":true,"showMaterialUpdate":false,"showSkybox":true,"showFlares":true,"showImageEffects":true,"showParticleSystems":true},"in2DMode":false,"pivot":{"x":5.960464477539063e-8,"y":1.0000001192092896,"z":-53.5},"rotation":{"x":0.08725162595510483,"y":0.34094834327697756,"z":0.0318000391125679,"w":-0.9354839324951172},"size":2.8578922748565676,"orthographic":false}