{"cameraMode":{"drawMode":0,"name":"Shaded","section":"Shading Mode"},"sceneLighting":false,"audioPlay":false,"sceneViewState":{"showFog":true,"showMaterialUpdate":false,"showSkybox":true,"showFlares":true,"showImageEffects":true,"showParticleSystems":true},"in2DMode":false,"pivot":{"x":0.09902127087116242,"y":0.9959848523139954,"z":-53.58486557006836},"rotation":{"x":0.08273027837276459,"y":0.2469829022884369,"z":0.021168744191527368,"w":-0.9652497172355652},"size":1.9578924179077149,"orthographic":false}